{
    "site_www": "http:\/\/manhua.weibo.cn",
    "site_static": "http:\/\/static.vmanhua.com",
    "authoruid": "1986429693",
    "author_name": "\u91d1\u5fd7\u57fa",
    "comic_name": "\u7bee\u7403\u5927\u8054\u76df",
    "chapter_name": "#1 \u7bee\u7403\u5927\u8054\u76df \uff08\u4e0a\uff09",
    "chapter_cover": "http:\/\/img.manhua.weibo.com\/2015\/04\/30\/2818150422_ve451f5R_b.jpg",
    "comic_cover": "http:\/\/img.manhua.weibo.com\/cover\/2015\/04\/30\/1986429693_bHNF4HhI_b.jpg",
    "playback": "s0",
    "mobile_type": "iphone",
    "tag": "",
    "pageNum": 12,
    "is_uc": false
}