{"header": {
    "version": {
        "major": 1,
        "minor": 0
    },
    "pageNum": 21,
    "secretKey": null,
    "editorCfg": {
        "disPlayStyle": 0,
        "pageFrom": 0,
        "pageStart": 0,
        "imgQuality": 1,
        "isWaterPrint": 0,
        "paketType": 1
    },
    "rectTag": 1
}, "page": [
    {
        "imgUrl": "http:\/\/img.manhua.weibo.com\/comic\/0\/64600\/221585\/002_221585.jpg",
        "imgNum": 2,
        "mobileImgUrl": "http:\/\/img.manhua.weibo.com\/comic\/iphone\/0\/64600\/221585\/002_221585.jpg",
        "newImgUrl": "http:\/\/img.manhua.weibo.com\/comic\/0\/64600\/221585\/002_221585_big.jpg",
        "mobileFileSize": 151907,
        "newImgWidth": 900,
        "fileSize": 152051,
        "background": "0,0,0",
        "frameNum": 0,
        "image_id": 986893,
        "mobileImgWidth": 900,
        "mobileImgHeight": 1273,
        "effect": 0,
        "newImgHeight": 1273,
        "imgWidth": 900,
        "frame": [],
        "imgHeight": 1273,
        "desc": "",
        "style": 0,
        "fileName": "lanqiu0001.jpg"
    },
    {
        "imgUrl": "http:\/\/img.manhua.weibo.com\/comic\/0\/64600\/221585\/003_221585.jpg",
        "imgNum": 3,
        "mobileImgUrl": "http:\/\/img.manhua.weibo.com\/comic\/iphone\/0\/64600\/221585\/003_221585.jpg",
        "newImgUrl": "http:\/\/img.manhua.weibo.com\/comic\/0\/64600\/221585\/003_221585_big.jpg",
        "mobileFileSize": 189024,
        "newImgWidth": 1400,
        "fileSize": 242216,
        "background": "0,0,0",
        "frameNum": 0,
        "image_id": 986894,
        "mobileImgWidth": 1200,
        "mobileImgHeight": 849,
        "effect": 0,
        "newImgHeight": 990,
        "imgWidth": 1400,
        "frame": [],
        "imgHeight": 990,
        "desc": "",
        "style": 0,
        "fileName": "lanqiu0002.jpg"
    },
    {
        "imgUrl": "http:\/\/img.manhua.weibo.com\/comic\/0\/64600\/221585\/004_221585.jpg",
        "imgNum": 4,
        "mobileImgUrl": "http:\/\/img.manhua.weibo.com\/comic\/iphone\/0\/64600\/221585\/004_221585.jpg",
        "newImgUrl": "http:\/\/img.manhua.weibo.com\/comic\/0\/64600\/221585\/004_221585_big.jpg",
        "mobileFileSize": 264664,
        "newImgWidth": 900,
        "fileSize": 264808,
        "background": "0,0,0",
        "frameNum": 0,
        "image_id": 986895,
        "mobileImgWidth": 900,
        "mobileImgHeight": 1256,
        "effect": 0,
        "newImgHeight": 1256,
        "imgWidth": 900,
        "frame": [],
        "imgHeight": 1256,
        "desc": "",
        "style": 0,
        "fileName": "\u7b2c\u4e00\u56de0001.jpg"
    },
    {
        "imgUrl": "http:\/\/img.manhua.weibo.com\/comic\/0\/64600\/221585\/005_221585.jpg",
        "imgNum": 5,
        "mobileImgUrl": "http:\/\/img.manhua.weibo.com\/comic\/iphone\/0\/64600\/221585\/005_221585.jpg",
        "newImgUrl": "http:\/\/img.manhua.weibo.com\/comic\/0\/64600\/221585\/005_221585_big.jpg",
        "mobileFileSize": 175876,
        "newImgWidth": 900,
        "fileSize": 176020,
        "background": "0,0,0",
        "frameNum": 0,
        "image_id": 986896,
        "mobileImgWidth": 900,
        "mobileImgHeight": 1256,
        "effect": 0,
        "newImgHeight": 1256,
        "imgWidth": 900,
        "frame": [],
        "imgHeight": 1256,
        "desc": "",
        "style": 0,
        "fileName": "\u7b2c\u4e00\u56de0002.jpg"
    },
    {
        "imgUrl": "http:\/\/img.manhua.weibo.com\/comic\/0\/64600\/221585\/006_221585.jpg",
        "imgNum": 6,
        "mobileImgUrl": "http:\/\/img.manhua.weibo.com\/comic\/iphone\/0\/64600\/221585\/006_221585.jpg",
        "newImgUrl": "http:\/\/img.manhua.weibo.com\/comic\/0\/64600\/221585\/006_221585_big.jpg",
        "mobileFileSize": 291612,
        "newImgWidth": 900,
        "fileSize": 291756,
        "background": "0,0,0",
        "frameNum": 0,
        "image_id": 986897,
        "mobileImgWidth": 900,
        "mobileImgHeight": 1256,
        "effect": 0,
        "newImgHeight": 1256,
        "imgWidth": 900,
        "frame": [],
        "imgHeight": 1256,
        "desc": "",
        "style": 0,
        "fileName": "\u7b2c\u4e00\u56de0003.jpg"
    },
    {
        "imgUrl": "http:\/\/img.manhua.weibo.com\/comic\/0\/64600\/221585\/007_221585.jpg",
        "imgNum": 7,
        "mobileImgUrl": "http:\/\/img.manhua.weibo.com\/comic\/iphone\/0\/64600\/221585\/007_221585.jpg",
        "newImgUrl": "http:\/\/img.manhua.weibo.com\/comic\/0\/64600\/221585\/007_221585_big.jpg",
        "mobileFileSize": 253836,
        "newImgWidth": 900,
        "fileSize": 253980,
        "background": "0,0,0",
        "frameNum": 0,
        "image_id": 986898,
        "mobileImgWidth": 900,
        "mobileImgHeight": 1256,
        "effect": 0,
        "newImgHeight": 1256,
        "imgWidth": 900,
        "frame": [],
        "imgHeight": 1256,
        "desc": "",
        "style": 0,
        "fileName": "\u7b2c\u4e00\u56de0004.jpg"
    },
    {
        "imgUrl": "http:\/\/img.manhua.weibo.com\/comic\/0\/64600\/221585\/008_221585.jpg",
        "imgNum": 8,
        "mobileImgUrl": "http:\/\/img.manhua.weibo.com\/comic\/iphone\/0\/64600\/221585\/008_221585.jpg",
        "newImgUrl": "http:\/\/img.manhua.weibo.com\/comic\/0\/64600\/221585\/008_221585_big.jpg",
        "mobileFileSize": 302101,
        "newImgWidth": 900,
        "fileSize": 302245,
        "background": "0,0,0",
        "frameNum": 0,
        "image_id": 986899,
        "mobileImgWidth": 900,
        "mobileImgHeight": 1256,
        "effect": 0,
        "newImgHeight": 1256,
        "imgWidth": 900,
        "frame": [],
        "imgHeight": 1256,
        "desc": "",
        "style": 0,
        "fileName": "\u7b2c\u4e00\u56de0005.jpg"
    },
    {
        "imgUrl": "http:\/\/img.manhua.weibo.com\/comic\/0\/64600\/221585\/009_221585.jpg",
        "imgNum": 9,
        "mobileImgUrl": "http:\/\/img.manhua.weibo.com\/comic\/iphone\/0\/64600\/221585\/009_221585.jpg",
        "newImgUrl": "http:\/\/img.manhua.weibo.com\/comic\/0\/64600\/221585\/009_221585_big.jpg",
        "mobileFileSize": 239675,
        "newImgWidth": 900,
        "fileSize": 239819,
        "background": "0,0,0",
        "frameNum": 0,
        "image_id": 986900,
        "mobileImgWidth": 900,
        "mobileImgHeight": 1256,
        "effect": 0,
        "newImgHeight": 1256,
        "imgWidth": 900,
        "frame": [],
        "imgHeight": 1256,
        "desc": "",
        "style": 0,
        "fileName": "\u7b2c\u4e00\u56de0006.jpg"
    },
    {
        "imgUrl": "http:\/\/img.manhua.weibo.com\/comic\/0\/64600\/221585\/010_221585.jpg",
        "imgNum": 10,
        "mobileImgUrl": "http:\/\/img.manhua.weibo.com\/comic\/iphone\/0\/64600\/221585\/010_221585.jpg",
        "newImgUrl": "http:\/\/img.manhua.weibo.com\/comic\/0\/64600\/221585\/010_221585_big.jpg",
        "mobileFileSize": 203508,
        "newImgWidth": 900,
        "fileSize": 203652,
        "background": "0,0,0",
        "frameNum": 0,
        "image_id": 986901,
        "mobileImgWidth": 900,
        "mobileImgHeight": 1256,
        "effect": 0,
        "newImgHeight": 1256,
        "imgWidth": 900,
        "frame": [],
        "imgHeight": 1256,
        "desc": "",
        "style": 0,
        "fileName": "\u7b2c\u4e00\u56de0007.jpg"
    },
    {
        "imgUrl": "http:\/\/img.manhua.weibo.com\/comic\/0\/64600\/221585\/011_221585.jpg",
        "imgNum": 11,
        "mobileImgUrl": "http:\/\/img.manhua.weibo.com\/comic\/iphone\/0\/64600\/221585\/011_221585.jpg",
        "newImgUrl": "http:\/\/img.manhua.weibo.com\/comic\/0\/64600\/221585\/011_221585_big.jpg",
        "mobileFileSize": 230061,
        "newImgWidth": 900,
        "fileSize": 230205,
        "background": "0,0,0",
        "frameNum": 0,
        "image_id": 986902,
        "mobileImgWidth": 900,
        "mobileImgHeight": 1256,
        "effect": 0,
        "newImgHeight": 1256,
        "imgWidth": 900,
        "frame": [],
        "imgHeight": 1256,
        "desc": "",
        "style": 0,
        "fileName": "\u7b2c\u4e00\u56de0008.jpg"
    },
    {
        "imgUrl": "http:\/\/img.manhua.weibo.com\/comic\/0\/64600\/221585\/012_221585.jpg",
        "imgNum": 12,
        "mobileImgUrl": "http:\/\/img.manhua.weibo.com\/comic\/iphone\/0\/64600\/221585\/012_221585.jpg",
        "newImgUrl": "http:\/\/img.manhua.weibo.com\/comic\/0\/64600\/221585\/012_221585_big.jpg",
        "mobileFileSize": 224346,
        "newImgWidth": 900,
        "fileSize": 224490,
        "background": "0,0,0",
        "frameNum": 0,
        "image_id": 986903,
        "mobileImgWidth": 900,
        "mobileImgHeight": 1256,
        "effect": 0,
        "newImgHeight": 1256,
        "imgWidth": 900,
        "frame": [],
        "imgHeight": 1256,
        "desc": "",
        "style": 0,
        "fileName": "\u7b2c\u4e00\u56de0009.jpg"
    },
    {
        "imgUrl": "http:\/\/img.manhua.weibo.com\/comic\/0\/64600\/221585\/013_221585.jpg",
        "imgNum": 13,
        "mobileImgUrl": "http:\/\/img.manhua.weibo.com\/comic\/iphone\/0\/64600\/221585\/013_221585.jpg",
        "newImgUrl": "http:\/\/img.manhua.weibo.com\/comic\/0\/64600\/221585\/013_221585_big.jpg",
        "mobileFileSize": 324841,
        "newImgWidth": 900,
        "fileSize": 324985,
        "background": "0,0,0",
        "frameNum": 0,
        "image_id": 986904,
        "mobileImgWidth": 900,
        "mobileImgHeight": 1256,
        "effect": 0,
        "newImgHeight": 1256,
        "imgWidth": 900,
        "frame": [],
        "imgHeight": 1256,
        "desc": "",
        "style": 0,
        "fileName": "\u7b2c\u4e00\u56de0010.jpg"
    },
    {
        "imgUrl": "http:\/\/img.manhua.weibo.com\/comic\/0\/64600\/221585\/014_221585.jpg",
        "imgNum": 14,
        "mobileImgUrl": "http:\/\/img.manhua.weibo.com\/comic\/iphone\/0\/64600\/221585\/014_221585.jpg",
        "newImgUrl": "http:\/\/img.manhua.weibo.com\/comic\/0\/64600\/221585\/014_221585_big.jpg",
        "mobileFileSize": 199135,
        "newImgWidth": 1400,
        "fileSize": 290285,
        "background": "0,0,0",
        "frameNum": 0,
        "image_id": 986905,
        "mobileImgWidth": 1200,
        "mobileImgHeight": 777,
        "effect": 0,
        "newImgHeight": 906,
        "imgWidth": 1400,
        "frame": [],
        "imgHeight": 906,
        "desc": "",
        "style": 0,
        "fileName": "\u7b2c\u4e00\u56de0011.jpg"
    },
    {
        "imgUrl": "http:\/\/img.manhua.weibo.com\/comic\/0\/64600\/221585\/015_221585.jpg",
        "imgNum": 15,
        "mobileImgUrl": "http:\/\/img.manhua.weibo.com\/comic\/iphone\/0\/64600\/221585\/015_221585.jpg",
        "newImgUrl": "http:\/\/img.manhua.weibo.com\/comic\/0\/64600\/221585\/015_221585_big.jpg",
        "mobileFileSize": 149892,
        "newImgWidth": 900,
        "fileSize": 150036,
        "background": "0,0,0",
        "frameNum": 0,
        "image_id": 986906,
        "mobileImgWidth": 900,
        "mobileImgHeight": 1256,
        "effect": 0,
        "newImgHeight": 1256,
        "imgWidth": 900,
        "frame": [],
        "imgHeight": 1256,
        "desc": "",
        "style": 0,
        "fileName": "\u7b2c\u4e00\u56de0013.jpg"
    },
    {
        "imgUrl": "http:\/\/img.manhua.weibo.com\/comic\/0\/64600\/221585\/016_221585.jpg",
        "imgNum": 16,
        "mobileImgUrl": "http:\/\/img.manhua.weibo.com\/comic\/iphone\/0\/64600\/221585\/016_221585.jpg",
        "newImgUrl": "http:\/\/img.manhua.weibo.com\/comic\/0\/64600\/221585\/016_221585_big.jpg",
        "mobileFileSize": 238578,
        "newImgWidth": 900,
        "fileSize": 238722,
        "background": "0,0,0",
        "frameNum": 0,
        "image_id": 986907,
        "mobileImgWidth": 900,
        "mobileImgHeight": 1256,
        "effect": 0,
        "newImgHeight": 1256,
        "imgWidth": 900,
        "frame": [],
        "imgHeight": 1256,
        "desc": "",
        "style": 0,
        "fileName": "\u7b2c\u4e00\u56de0014.jpg"
    },
    {
        "imgUrl": "http:\/\/img.manhua.weibo.com\/comic\/0\/64600\/221585\/017_221585.jpg",
        "imgNum": 17,
        "mobileImgUrl": "http:\/\/img.manhua.weibo.com\/comic\/iphone\/0\/64600\/221585\/017_221585.jpg",
        "newImgUrl": "http:\/\/img.manhua.weibo.com\/comic\/0\/64600\/221585\/017_221585_big.jpg",
        "mobileFileSize": 205637,
        "newImgWidth": 900,
        "fileSize": 205781,
        "background": "0,0,0",
        "frameNum": 0,
        "image_id": 986908,
        "mobileImgWidth": 900,
        "mobileImgHeight": 1256,
        "effect": 0,
        "newImgHeight": 1256,
        "imgWidth": 900,
        "frame": [],
        "imgHeight": 1256,
        "desc": "",
        "style": 0,
        "fileName": "\u7b2c\u4e00\u56de0015.jpg"
    },
    {
        "imgUrl": "http:\/\/img.manhua.weibo.com\/comic\/0\/64600\/221585\/018_221585.jpg",
        "imgNum": 18,
        "mobileImgUrl": "http:\/\/img.manhua.weibo.com\/comic\/iphone\/0\/64600\/221585\/018_221585.jpg",
        "newImgUrl": "http:\/\/img.manhua.weibo.com\/comic\/0\/64600\/221585\/018_221585_big.jpg",
        "mobileFileSize": 193426,
        "newImgWidth": 900,
        "fileSize": 193570,
        "background": "0,0,0",
        "frameNum": 0,
        "image_id": 986909,
        "mobileImgWidth": 900,
        "mobileImgHeight": 1256,
        "effect": 0,
        "newImgHeight": 1256,
        "imgWidth": 900,
        "frame": [],
        "imgHeight": 1256,
        "desc": "",
        "style": 0,
        "fileName": "\u7b2c\u4e00\u56de0016.jpg"
    },
    {
        "imgUrl": "http:\/\/img.manhua.weibo.com\/comic\/0\/64600\/221585\/019_221585.jpg",
        "imgNum": 19,
        "mobileImgUrl": "http:\/\/img.manhua.weibo.com\/comic\/iphone\/0\/64600\/221585\/019_221585.jpg",
        "newImgUrl": "http:\/\/img.manhua.weibo.com\/comic\/0\/64600\/221585\/019_221585_big.jpg",
        "mobileFileSize": 246193,
        "newImgWidth": 900,
        "fileSize": 246337,
        "background": "0,0,0",
        "frameNum": 0,
        "image_id": 986910,
        "mobileImgWidth": 900,
        "mobileImgHeight": 1256,
        "effect": 0,
        "newImgHeight": 1256,
        "imgWidth": 900,
        "frame": [],
        "imgHeight": 1256,
        "desc": "",
        "style": 0,
        "fileName": "\u7b2c\u4e00\u56de0017.jpg"
    },
    {
        "imgUrl": "http:\/\/img.manhua.weibo.com\/comic\/0\/64600\/221585\/020_221585.jpg",
        "imgNum": 20,
        "mobileImgUrl": "http:\/\/img.manhua.weibo.com\/comic\/iphone\/0\/64600\/221585\/020_221585.jpg",
        "newImgUrl": "http:\/\/img.manhua.weibo.com\/comic\/0\/64600\/221585\/020_221585_big.jpg",
        "mobileFileSize": 193177,
        "newImgWidth": 900,
        "fileSize": 193321,
        "background": "0,0,0",
        "frameNum": 0,
        "image_id": 986911,
        "mobileImgWidth": 900,
        "mobileImgHeight": 1256,
        "effect": 0,
        "newImgHeight": 1256,
        "imgWidth": 900,
        "frame": [],
        "imgHeight": 1256,
        "desc": "",
        "style": 0,
        "fileName": "\u7b2c\u4e00\u56de0018.jpg"
    },
    {
        "imgUrl": "http:\/\/img.manhua.weibo.com\/comic\/0\/64600\/221585\/021_221585.jpg",
        "imgNum": 21,
        "mobileImgUrl": "http:\/\/img.manhua.weibo.com\/comic\/iphone\/0\/64600\/221585\/021_221585.jpg",
        "newImgUrl": "http:\/\/img.manhua.weibo.com\/comic\/0\/64600\/221585\/021_221585_big.jpg",
        "mobileFileSize": 217095,
        "newImgWidth": 900,
        "fileSize": 217239,
        "background": "0,0,0",
        "frameNum": 0,
        "image_id": 986912,
        "mobileImgWidth": 900,
        "mobileImgHeight": 1256,
        "effect": 0,
        "newImgHeight": 1256,
        "imgWidth": 900,
        "frame": [],
        "imgHeight": 1256,
        "desc": "",
        "style": 0,
        "fileName": "\u7b2c\u4e00\u56de0019.jpg"
    },
    {
        "imgUrl": "http:\/\/img.manhua.weibo.com\/comic\/0\/64600\/221585\/022_221585.jpg",
        "imgNum": 22,
        "mobileImgUrl": "http:\/\/img.manhua.weibo.com\/comic\/iphone\/0\/64600\/221585\/022_221585.jpg",
        "newImgUrl": "http:\/\/img.manhua.weibo.com\/comic\/0\/64600\/221585\/022_221585_big.jpg",
        "mobileFileSize": 280661,
        "newImgWidth": 900,
        "fileSize": 280805,
        "background": "0,0,0",
        "frameNum": 0,
        "image_id": 986913,
        "mobileImgWidth": 900,
        "mobileImgHeight": 1256,
        "effect": 0,
        "newImgHeight": 1256,
        "imgWidth": 900,
        "frame": [],
        "imgHeight": 1256,
        "desc": "",
        "style": 0,
        "fileName": "\u7b2c\u4e00\u56de0020.jpg"
    }
]}