[
{"src":"img/1.jpg","alt":"1","height":"343px"},
{"src":"img/2.jpg","alt":"2","height":"300px"},
{"src":"img/3.jpg","alt":"3","height":"230px"},
{"src":"img/4.jpg","alt":"4","height":"230px"},
{"src":"img/5.jpg","alt":"5","height":"306px"},
{"src":"img/6.jpg","alt":"6","height":"333px"},
{"src":"img/7.jpg","alt":"7","height":"335px"},
{"src":"img/8.jpg","alt":"8","height":"172px"},
{"src":"img/9.jpg","alt":"9","height":"172px"},
{"src":"img/10.jpg","alt":"10","height":"345px"},
{"src":"img/11.jpg","alt":"11","height":"340px"},
{"src":"img/12.jpg","alt":"12","height":"153px"},
{"src":"img/13.jpg","alt":"13","height":"345px"},
{"src":"img/14.jpg","alt":"14","height":"316px"},
{"src":"img/15.jpg","alt":"15","height":"327px"},
{"src":"img/16.jpg","alt":"16","height":"345px"},
{"src":"img/17.jpg","alt":"17","height":"172px"},
{"src":"img/18.jpg","alt":"18","height":"282px"},
{"src":"img/19.jpg","alt":"19","height":"224px"},
{"src":"img/20.jpg","alt":"20","height":"344px"}
]
